{"minzoom":0,"maxzoom":8,"center":[9.140625,36.02928,8.0],"bounds":[7.523828,30.225496,11.608829,37.555904]}