{"minzoom":0,"maxzoom":9,"center":[9.492187,36.879103,9.0],"bounds":[7.523828,30.225496,11.608829,37.555904]}